program_id,program_name
1,NISHTHA 1.0
2,NISHTHA 3.0
3,NISHTHA 3.0
2,NISHTHA 3.0
1,NISHTHA 2.0
2,NISHTHA 3.0
2,NISHTHA 3.0
1,NISHTHA 3.0
2,NISHTHA 2.0
2,NISHTHA 3.0
3,NISHTHA 2.0
1,NISHTHA 3.0
2,NISHTHA 2.0
3,NISHTHA 3.0
2,NISHTHA 2.0
1,NISHTHA 2.0
2,NISHTHA 3.0
3,NISHTHA 3.0
2,NISHTHA 1.0
3,NISHTHA 3.0
3,NISHTHA 1.0
2,NISHTHA 2.0
1,NISHTHA 1.0
2,NISHTHA 1.0
3,NISHTHA 3.0
2,NISHTHA 1.0
1,NISHTHA 1.0
3,NISHTHA 2.0
2,NISHTHA 1.0
1,NISHTHA 1.0
3,NISHTHA 3.0
2,NISHTHA 1.0
3,NISHTHA 2.0
1,NISHTHA 1.0
2,NISHTHA 3.0
3,NISHTHA 1.0
1,NISHTHA 2.0
2,NISHTHA 1.0
1,NISHTHA 1.0
2,NISHTHA 3.0
1,NISHTHA 3.0
3,NISHTHA 1.0
2,NISHTHA 2.0
1,NISHTHA 2.0
2,NISHTHA 1.0
3,NISHTHA 2.0
1,NISHTHA 2.0
2,NISHTHA 1.0
3,NISHTHA 3.0
1,NISHTHA 2.0
2,NISHTHA 3.0
3,NISHTHA 1.0
1,NISHTHA 2.0
2,NISHTHA 2.0
3,NISHTHA 3.0
1,NISHTHA 2.0
2,NISHTHA 1.0
3,NISHTHA 2.0
1,NISHTHA 3.0
2,NISHTHA 1.0
3,NISHTHA 2.0
1,NISHTHA 2.0
2,NISHTHA 3.0
3,NISHTHA 2.0
1,NISHTHA 1.0
2,NISHTHA 3.0
2,NISHTHA 1.0
1,NISHTHA 3.0
2,NISHTHA 1.0
2,NISHTHA 2.0
1,NISHTHA 1.0
2,NISHTHA 1.0
1,NISHTHA 2.0
2,NISHTHA 1.0
1,NISHTHA 1.0
2,NISHTHA 2.0
1,NISHTHA 1.0
1,NISHTHA 2.0
1,NISHTHA 1.0
2,NISHTHA 1.0
1,NISHTHA 3.0
2,NISHTHA 1.0
1,NISHTHA 1.0
1,NISHTHA 3.0
2,NISHTHA 1.0
1,NISHTHA 1.0
2,NISHTHA 2.0
1,NISHTHA 1.0
1,NISHTHA 3.0
2,NISHTHA 1.0
1,NISHTHA 3.0
1,NISHTHA 1.0
2,NISHTHA 1.0
2,NISHTHA 3.0
1,NISHTHA 3.0
2,NISHTHA 1.0
1,NISHTHA 2.0
